file_name,anomaly_score
id_05_00000000.wav,0.05167649067729185
id_05_00000001.wav,0.7181390286125722
id_05_00000002.wav,0.8672146264425219
id_05_00000003.wav,0.8550916409782267
id_05_00000004.wav,0.61606449938602
id_05_00000005.wav,0.7077732648931845
id_05_00000006.wav,0.8553570149984052
id_05_00000007.wav,0.5208826689216617
id_05_00000008.wav,0.15033972945331686
id_05_00000009.wav,0.08041215262276036
id_05_00000010.wav,0.5121203117781853
id_05_00000011.wav,0.8445082121986355
id_05_00000012.wav,0.6909420920938546
id_05_00000013.wav,0.7699781165995445
id_05_00000014.wav,0.29610108079704833
id_05_00000015.wav,0.5535342034466991
id_05_00000016.wav,0.5245759641487858
id_05_00000017.wav,0.6821355149743283
id_05_00000018.wav,0.8661945041626624
id_05_00000019.wav,0.5077178914350647
id_05_00000020.wav,0.8127333018195592
id_05_00000021.wav,0.5995031766539671
id_05_00000022.wav,0.24160046509805877
id_05_00000023.wav,0.044342536216060546
id_05_00000024.wav,0.15112611160077527
id_05_00000025.wav,0.7291867405381788
id_05_00000026.wav,0.9781226146207537
id_05_00000027.wav,0.3927974163143376
id_05_00000028.wav,0.8266923406122646
id_05_00000029.wav,0.6855755359657743
id_05_00000030.wav,0.07066949422478175
id_05_00000031.wav,0.8377769381964187
id_05_00000032.wav,0.8453398301599496
id_05_00000033.wav,0.3458041281106684
id_05_00000034.wav,0.8850748740226012
id_05_00000035.wav,0.04337074761198023
id_05_00000036.wav,0.759913153507175
id_05_00000037.wav,0.6541121885872091
id_05_00000038.wav,0.25694271998316043
id_05_00000039.wav,0.5182172350909214
id_05_00000040.wav,0.507009877726143
id_05_00000041.wav,0.4446052251994669
id_05_00000042.wav,0.2981060858960861
id_05_00000043.wav,0.378298989632052
id_05_00000044.wav,0.34987789856963114
id_05_00000045.wav,0.10742201771623494
id_05_00000046.wav,0.270331006010624
id_05_00000047.wav,0.5654677905195932
id_05_00000048.wav,0.9575321148543208
id_05_00000049.wav,0.14443462525149953
id_05_00000050.wav,0.773071953640033
id_05_00000051.wav,0.9615814064901029
id_05_00000052.wav,0.06929135225865768
id_05_00000053.wav,0.8526902747626989
id_05_00000054.wav,0.647581938284841
id_05_00000055.wav,0.03855104166116441
id_05_00000056.wav,0.9803294871529408
id_05_00000057.wav,0.15256919737143948
id_05_00000058.wav,0.7923634233769044
id_05_00000059.wav,0.2410904756371004
id_05_00000060.wav,0.7266951243501893
id_05_00000061.wav,0.4286094447979514
id_05_00000062.wav,0.3131687774507884
id_05_00000063.wav,0.8930715250189917
id_05_00000064.wav,0.8974483886103307
id_05_00000065.wav,0.4221122179125978
id_05_00000066.wav,0.6847425324321343
id_05_00000067.wav,0.304335185392723
id_05_00000068.wav,0.001766839753561511
id_05_00000069.wav,0.8295811465589547
id_05_00000070.wav,0.5692803161923327
id_05_00000071.wav,0.035979950699629004
id_05_00000072.wav,0.41068105197754134
id_05_00000073.wav,0.02012803847207767
id_05_00000074.wav,0.8946450766540841
id_05_00000075.wav,0.4117307435273143
id_05_00000076.wav,0.8212923510847387
id_05_00000077.wav,0.22846645615067696
id_05_00000078.wav,0.2843736031436408
id_05_00000079.wav,0.07725455143160809
id_05_00000080.wav,0.41332679614539003
id_05_00000081.wav,0.37599682572098103
id_05_00000082.wav,0.15267964707928205
id_05_00000083.wav,0.6084801198032994
id_05_00000084.wav,0.37108786070897803
id_05_00000085.wav,0.1810235563392304
id_05_00000086.wav,0.641000324871908
id_05_00000087.wav,0.48478405926858237
id_05_00000088.wav,0.7685692671285174
id_05_00000089.wav,0.4597333530160528
id_05_00000090.wav,0.028304998730009134
id_05_00000091.wav,0.5861493872082978
id_05_00000092.wav,0.2828591018904545
id_05_00000093.wav,0.019247778307222796
id_05_00000094.wav,0.4855371872197227
id_05_00000095.wav,0.7286454922620168
id_05_00000096.wav,0.47755069168911446
id_05_00000097.wav,0.6320695844008215
id_05_00000098.wav,0.07081849876416602
id_05_00000099.wav,0.28276303059221986
id_05_00000100.wav,0.026190562732365308
id_05_00000101.wav,0.4515782428183329
id_05_00000102.wav,0.01648329962462103
id_05_00000103.wav,0.9643484323796274
id_05_00000104.wav,0.09440748256419995
id_05_00000105.wav,0.1652458226762037
id_05_00000106.wav,0.20724885022795758
id_05_00000107.wav,0.9774547352927311
id_05_00000108.wav,0.49377210863200716
id_05_00000109.wav,0.7777828177244791
id_05_00000110.wav,0.13845656191377043
id_05_00000111.wav,0.38137440807245426
id_05_00000112.wav,0.14078200919040373
id_05_00000113.wav,0.3854879153038694
id_05_00000114.wav,0.1888047180568594
id_05_00000115.wav,0.07250918883671664
id_05_00000116.wav,0.9676162572758064
id_05_00000117.wav,0.5517301447540844
id_05_00000118.wav,0.49726625306993355
id_05_00000119.wav,0.196943182535257
id_05_00000120.wav,0.7365735671612474
id_05_00000121.wav,0.4220740171307936
id_05_00000122.wav,0.5603980822011952
id_05_00000123.wav,0.17854569804881715
id_05_00000124.wav,0.9259170723189224
id_05_00000125.wav,0.005056841476042462
id_05_00000126.wav,0.15754316342143415
id_05_00000127.wav,0.3799872304629869
id_05_00000128.wav,0.6524059689173495
id_05_00000129.wav,0.23040442009260642
id_05_00000130.wav,0.5065503804036542
id_05_00000131.wav,0.28898708006547236
id_05_00000132.wav,0.20960328446992593
id_05_00000133.wav,0.21574999228303304
id_05_00000134.wav,0.3168016720707596
id_05_00000135.wav,0.5894151187335323
id_05_00000136.wav,0.05557006080426119
id_05_00000137.wav,0.7975102062447326
id_05_00000138.wav,0.47963438895155575
id_05_00000139.wav,0.49873559265933987
id_05_00000140.wav,0.48270960709583977
id_05_00000141.wav,0.3370825194998842
id_05_00000142.wav,0.5162543162787546
id_05_00000143.wav,0.9397709581940639
id_05_00000144.wav,0.9347505615999646
id_05_00000145.wav,0.4910251902895918
id_05_00000146.wav,0.15665567627474974
id_05_00000147.wav,0.6478981937601697
id_05_00000148.wav,0.03512908068429421
id_05_00000149.wav,0.18221110457674605
id_05_00000150.wav,0.5372653439330095
id_05_00000151.wav,0.47115329237331005
id_05_00000152.wav,0.07699452032231857
id_05_00000153.wav,0.6259402798036712
id_05_00000154.wav,0.3617252493462956
id_05_00000155.wav,0.6524310671010202
id_05_00000156.wav,0.15833382337290525
id_05_00000157.wav,0.7942147265411503
id_05_00000158.wav,0.17190717388178123
id_05_00000159.wav,0.9702902263733972
id_05_00000160.wav,0.6845498097670616
id_05_00000161.wav,0.99464351617693
id_05_00000162.wav,0.05344802560497541
id_05_00000163.wav,0.9732536267319138
id_05_00000164.wav,0.33530577738836986
id_05_00000165.wav,0.8590486807921057
id_05_00000166.wav,0.33203679003467435
id_05_00000167.wav,0.2696045494621544
id_05_00000168.wav,0.5739913870056123
id_05_00000169.wav,0.419561274904691
id_05_00000170.wav,0.04041884930946216
id_05_00000171.wav,0.7847248269218489
id_05_00000172.wav,0.38677320749180377
id_05_00000173.wav,0.05561758704346598
id_05_00000174.wav,0.21795939244397633
id_05_00000175.wav,0.9491783610862723
id_05_00000176.wav,0.19903874285973155
id_05_00000177.wav,0.5118862673003731
id_05_00000178.wav,0.179753766094228
id_05_00000179.wav,0.8837440816923855
id_05_00000180.wav,0.10757675567391423
id_05_00000181.wav,0.357178682986953
id_05_00000182.wav,0.0735649300879917
id_05_00000183.wav,0.8263070436000958
id_05_00000184.wav,0.3827716728260624
id_05_00000185.wav,0.8018367121844014
id_05_00000186.wav,0.23550812634463036
id_05_00000187.wav,0.44372812601512057
id_05_00000188.wav,0.8048564444715145
id_05_00000189.wav,0.22090264385123903
id_05_00000190.wav,0.01392830963643732
id_05_00000191.wav,0.919704086066707
id_05_00000192.wav,0.9298356713989354
id_05_00000193.wav,0.579808414673006
id_05_00000194.wav,0.8283594379295924
id_05_00000195.wav,0.36411420108729764
id_05_00000196.wav,0.8714137072207387
id_05_00000197.wav,0.4423286839812949
id_05_00000198.wav,0.8747763250525948
id_05_00000199.wav,0.6589426264336604
id_05_00000200.wav,0.3698384365278182
id_05_00000201.wav,0.39931861890342757
id_05_00000202.wav,0.1567776159163108
id_05_00000203.wav,0.10753154679851218
id_05_00000204.wav,0.04211351240336325
id_05_00000205.wav,0.4182974911236601
id_05_00000206.wav,0.6428174282548156
id_05_00000207.wav,0.15226167049476447
id_05_00000208.wav,0.46438005072986255
id_05_00000209.wav,0.28830519420430567
id_05_00000210.wav,0.1646824383148191
id_05_00000211.wav,0.2903646963455967
id_05_00000212.wav,0.8859924287152081
id_05_00000213.wav,0.740248050358213
id_05_00000214.wav,0.7893901986588433
id_05_00000215.wav,0.8927324266410308
id_05_00000216.wav,0.6706500622477366
id_05_00000217.wav,0.24201847258145737
id_05_00000218.wav,0.6420577584006212
id_05_00000219.wav,0.6583728306575038
id_05_00000220.wav,0.738871901896797
id_05_00000221.wav,0.6023516287594418
id_05_00000222.wav,0.8691340607695421
id_05_00000223.wav,0.48859255312618355
id_05_00000224.wav,0.8225205621305288
id_05_00000225.wav,0.11161794921804713
id_05_00000226.wav,0.10868730171155827
id_05_00000227.wav,0.7745944560103749
id_05_00000228.wav,0.15290161975236194
id_05_00000229.wav,0.9875707077354183
id_05_00000230.wav,0.6730492895374548
id_05_00000231.wav,0.4472321727436144
id_05_00000232.wav,0.3400178065917746
id_05_00000233.wav,0.8697871162415348
id_05_00000234.wav,0.6496332009051158
id_05_00000235.wav,0.5179866193497574
id_05_00000236.wav,0.5646505830457716
id_05_00000237.wav,0.07515259362672522
id_05_00000238.wav,0.050625527634672096
id_05_00000239.wav,0.20763151782567746
id_05_00000240.wav,0.8296021845260322
id_05_00000241.wav,0.9802781732731124
id_05_00000242.wav,0.6026287739454154
id_05_00000243.wav,0.5170536345803652
id_05_00000244.wav,0.26344965801612175
id_05_00000245.wav,0.42708981258105827
id_05_00000246.wav,0.37393427712967464
id_05_00000247.wav,0.9633552586646608
id_05_00000248.wav,0.61027280867413
id_05_00000249.wav,0.13323828565999862
id_05_00000250.wav,0.00481967159357477
id_05_00000251.wav,0.3905097606000003
id_05_00000252.wav,0.3757358811763849
id_05_00000253.wav,0.07788518898639385
id_05_00000254.wav,0.22508738121373872
id_05_00000255.wav,0.3784546154563877
id_05_00000256.wav,0.6317982713983414
id_05_00000257.wav,0.4510392679489462
id_05_00000258.wav,0.8882431734951103
id_05_00000259.wav,0.08926834224348423
id_05_00000260.wav,0.68879160380555
id_05_00000261.wav,0.7310524770033655
id_05_00000262.wav,0.028018573670061886
id_05_00000263.wav,0.0684866477113929
id_05_00000264.wav,0.28293764689209067
id_05_00000265.wav,0.25427121161590116
id_05_00000266.wav,0.4136232481366583
id_05_00000267.wav,0.7299153037589758
id_05_00000268.wav,0.3739070744788694
id_05_00000269.wav,0.9786419931450893
id_05_00000270.wav,0.5473709162509723
id_05_00000271.wav,0.8224638990581209
id_05_00000272.wav,0.3211675612360324
id_05_00000273.wav,0.5716479248399889
id_05_00000274.wav,0.31000669466491304
id_05_00000275.wav,0.965465999173949
id_05_00000276.wav,0.04333923254100447
id_05_00000277.wav,0.9892916802001026
id_05_00000278.wav,0.8509775852452488
id_05_00000279.wav,0.8230538436879334
id_05_00000280.wav,0.23686620155592397
id_05_00000281.wav,0.15681412376937331
id_05_00000282.wav,0.04041629062129881
id_05_00000283.wav,0.6999124686093843
id_05_00000284.wav,0.3328517223781232
id_05_00000285.wav,0.1955829123890206
id_05_00000286.wav,0.2380079762972478
id_05_00000287.wav,0.044357213825155006
id_05_00000288.wav,0.09703280039829532
id_05_00000289.wav,0.21956380654664887
id_05_00000290.wav,0.2641657078900145
id_05_00000291.wav,0.9274536437770363
id_05_00000292.wav,0.4367562551003473
id_05_00000293.wav,0.0526045511623805
id_05_00000294.wav,0.18925488927348166
id_05_00000295.wav,0.4567121054792477
id_05_00000296.wav,0.06030532716243875
id_05_00000297.wav,0.3352069552832344
id_05_00000298.wav,0.01065395014032855
id_05_00000299.wav,0.8468084179968359
id_05_00000300.wav,0.8489980597053675
id_05_00000301.wav,0.7679772677545869
id_05_00000302.wav,0.7195921878534477
id_05_00000303.wav,0.5453888650671824
id_05_00000304.wav,0.04165320299991393
id_05_00000305.wav,0.6280999866275812
id_05_00000306.wav,0.7593983686172779
id_05_00000307.wav,0.5533216229046546
id_05_00000308.wav,0.23134707878941396
id_05_00000309.wav,0.019157297946615803
id_05_00000310.wav,0.9755745799911357
id_05_00000311.wav,0.5726422104690861
id_05_00000312.wav,0.13769349104080386
id_05_00000313.wav,0.30994465195470133
id_05_00000314.wav,0.874745111474257
id_05_00000315.wav,0.4979069678863165
id_05_00000316.wav,0.05741507152653458
id_05_00000317.wav,0.5272499009354158
id_05_00000318.wav,0.7644429895969946
id_05_00000319.wav,0.12854413615860716
id_05_00000320.wav,0.922513237769761
id_05_00000321.wav,0.0006766697862198301
id_05_00000322.wav,0.04104020230018701
id_05_00000323.wav,0.15217745488536027
id_05_00000324.wav,0.8912594653322535
id_05_00000325.wav,0.7249932948825937
id_05_00000326.wav,0.025566802336644878
id_05_00000327.wav,0.3930079819327097
id_05_00000328.wav,0.5737407782299373
id_05_00000329.wav,0.40268354903860126
id_05_00000330.wav,0.06961422843787846
id_05_00000331.wav,0.423683391369608
id_05_00000332.wav,0.7123150023755508
id_05_00000333.wav,0.15944583348466534
id_05_00000334.wav,0.9654761935161591
id_05_00000335.wav,0.11951263339478257
id_05_00000336.wav,0.12834195382653946
id_05_00000337.wav,0.7126007218850524
id_05_00000338.wav,0.9905029816293436
id_05_00000339.wav,0.9448988113539684
id_05_00000340.wav,0.9526755557784236
id_05_00000341.wav,0.8368858530555298
id_05_00000342.wav,0.12346917068641339
id_05_00000343.wav,0.5218105107430933
id_05_00000344.wav,0.5987901106531442
id_05_00000345.wav,0.5216151466493945
id_05_00000346.wav,0.85686986815013
id_05_00000347.wav,0.8396065454905863
id_05_00000348.wav,0.1115681470905604
id_05_00000349.wav,0.6026028023608202
id_05_00000350.wav,0.8108908584709607
id_05_00000351.wav,0.25132224129886593
id_05_00000352.wav,0.22382073366397082
id_05_00000353.wav,0.7245517519451283
id_05_00000354.wav,0.8179001236410478
id_05_00000355.wav,0.9852955274035927
id_05_00000356.wav,0.6465679901433956
id_05_00000357.wav,0.2610046926423294
id_05_00000358.wav,0.698520921569034
id_05_00000359.wav,0.6789529245302505
id_05_00000360.wav,0.35732792142367453
id_05_00000361.wav,0.14165550038318375
id_05_00000362.wav,0.1685688602908102
id_05_00000363.wav,0.40535946736795725
id_05_00000364.wav,0.36547897372434457
id_05_00000365.wav,0.36240849531834063
id_05_00000366.wav,0.6865730289513108
id_05_00000367.wav,0.5625892741168527
id_05_00000368.wav,0.5859187667121758
id_05_00000369.wav,0.6035203379862604
id_05_00000370.wav,0.541052351743126
id_05_00000371.wav,0.32997651256911953
id_05_00000372.wav,0.9985606931396852
id_05_00000373.wav,0.33942836113323416
id_05_00000374.wav,0.7651562935816968
id_05_00000375.wav,0.20353602093988798
id_05_00000376.wav,0.6221536437448495
id_05_00000377.wav,0.11786903087047917
id_05_00000378.wav,0.8046859715857785
id_05_00000379.wav,0.2897826135394105
id_05_00000380.wav,0.9848628915610007
id_05_00000381.wav,0.13934027491647683
id_05_00000382.wav,0.0869675742277537
id_05_00000383.wav,0.8442560842180151
id_05_00000384.wav,0.3942237350650949
id_05_00000385.wav,0.5935855849482239
id_05_00000386.wav,0.7071999853175559
id_05_00000387.wav,0.9092468190878094
id_05_00000388.wav,0.34481010487183117
id_05_00000389.wav,0.45234260787485836
id_05_00000390.wav,0.42690651179630534
id_05_00000391.wav,0.8952378535458908
id_05_00000392.wav,0.8816145967992514
id_05_00000393.wav,0.8971645330412346
id_05_00000394.wav,0.8556807562775613
id_05_00000395.wav,0.6226134105210563
id_05_00000396.wav,0.2288695511413873
id_05_00000397.wav,0.497240081828197
id_05_00000398.wav,0.9370139623289943
id_05_00000399.wav,0.2539952180606957
id_05_00000400.wav,0.12201001752586049
id_05_00000401.wav,0.21732291107213053
id_05_00000402.wav,0.5676861650440453
id_05_00000403.wav,0.09422778769954077
id_05_00000404.wav,0.9475376233329613
id_05_00000405.wav,0.7038379807196542
id_05_00000406.wav,0.27155262101634103
id_05_00000407.wav,0.8709491899436719
id_05_00000408.wav,0.15951042733446863
id_05_00000409.wav,0.664788527722641
id_05_00000410.wav,0.2767453577010349
id_05_00000411.wav,0.80817286482935
id_05_00000412.wav,0.8240895848276383
id_05_00000413.wav,0.6498273292088639
id_05_00000414.wav,0.33260848614180427
id_05_00000415.wav,0.2664111841019532
id_05_00000416.wav,0.5707623751672717
id_05_00000417.wav,0.9814973489997791
id_05_00000418.wav,0.9690854901968186
id_05_00000419.wav,0.7947729463512594
id_05_00000420.wav,0.6548381912202338
id_05_00000421.wav,0.010537922642718467
id_05_00000422.wav,0.7975697689311531
id_05_00000423.wav,0.8183417870292234
id_05_00000424.wav,0.03249185810726485
id_05_00000425.wav,0.42623235925877445
id_05_00000426.wav,0.8861721156077588
id_05_00000427.wav,0.6995252818177112
id_05_00000428.wav,0.40223205960818464
id_05_00000429.wav,0.9334762088045204
id_05_00000430.wav,0.17772492027206988
id_05_00000431.wav,0.9845045727568429
id_05_00000432.wav,0.9301852571963264
id_05_00000433.wav,0.6892758921695704
id_05_00000434.wav,0.1632292901949991
id_05_00000435.wav,0.5768606612408139
id_05_00000436.wav,0.15078773224262332
id_05_00000437.wav,0.7676859078746414
id_05_00000438.wav,0.8616259174063787
id_05_00000439.wav,0.8552958826135514
id_05_00000440.wav,0.21506455563235305
id_05_00000441.wav,0.45055476682196804
id_05_00000442.wav,0.2827493105725979
id_05_00000443.wav,0.6679216313140539
id_05_00000444.wav,0.487180790573845
id_05_00000445.wav,0.02444015788095022
id_05_00000446.wav,0.07339196873588683
id_05_00000447.wav,0.8884308223143856
id_05_00000448.wav,0.7127934602551437
id_05_00000449.wav,0.7128717450801592
id_05_00000450.wav,0.3345481816835577
id_05_00000451.wav,0.7835492164389671
id_05_00000452.wav,0.13168312445996666
id_05_00000453.wav,0.7756403819923186
id_05_00000454.wav,0.06733345590683382
id_05_00000455.wav,0.5616759441582015
id_05_00000456.wav,0.6976833551603269
id_05_00000457.wav,0.141435390715424
id_05_00000458.wav,0.5915942644111226
id_05_00000459.wav,0.4759095908347005
id_05_00000460.wav,0.6112882591711231
id_05_00000461.wav,0.9310459921901351
id_05_00000462.wav,0.6845579571192677
id_05_00000463.wav,0.14000332211946764
id_05_00000464.wav,0.5035592637632199
id_05_00000465.wav,0.8673329680432357
id_05_00000466.wav,0.8909826541953053
id_05_00000467.wav,0.36170140004018725
id_05_00000468.wav,0.5603707327936245
id_05_00000469.wav,0.4623446916501446
id_05_00000470.wav,0.6248514795140019
id_05_00000471.wav,0.41733914507555125
id_05_00000472.wav,0.08038086126368993
id_05_00000473.wav,0.13166960713983877
id_05_00000474.wav,0.8019675079851944
id_05_00000475.wav,0.72350026980359
id_05_00000476.wav,0.526269373315863
id_05_00000477.wav,0.30398388896555706
id_05_00000478.wav,0.4527886586303541
id_05_00000479.wav,0.9018726648888139
id_05_00000480.wav,0.7982919140365384
id_05_00000481.wav,0.3633487637618146
id_05_00000482.wav,0.12708872056736342
id_05_00000483.wav,0.1425449146756621
id_05_00000484.wav,0.2707594058212588
id_05_00000485.wav,0.8292996922928628
id_05_00000486.wav,0.8246273864775393
id_05_00000487.wav,0.13909028783611566
id_05_00000488.wav,0.9940820525464958
id_05_00000489.wav,0.2527512746761975
id_05_00000490.wav,0.5851639910716314
id_05_00000491.wav,0.14100243259113354
id_05_00000492.wav,0.7087334704222705
id_05_00000493.wav,0.26665086737587584
id_05_00000494.wav,0.281875387235593
id_05_00000495.wav,0.062080345739638165
id_05_00000496.wav,0.37836370475671355
id_05_00000497.wav,0.21702611848622244
id_05_00000498.wav,0.05717222018177104
id_05_00000499.wav,0.2621085262193039
id_05_00000500.wav,0.04248074177570105
id_05_00000501.wav,0.6319266678848395
id_05_00000502.wav,0.23526070409248767
id_05_00000503.wav,0.4293081810461108
id_05_00000504.wav,0.7755209457557775
id_05_00000505.wav,0.7612675415427858
id_05_00000506.wav,0.52720105811019
id_05_00000507.wav,0.5270553502112507
id_05_00000508.wav,0.19412984744347772
id_05_00000509.wav,0.48179720129035997
id_05_00000510.wav,0.49502755962644085
id_05_00000511.wav,0.7858031647164243
id_05_00000512.wav,0.7003219474202672
id_05_00000513.wav,0.4500017256352995
id_05_00000514.wav,0.6794471820466583
id_06_00000000.wav,0.26048144805068396
id_06_00000001.wav,0.44534473381927686
id_06_00000002.wav,0.6556386622201753
id_06_00000003.wav,0.14439061926971286
id_06_00000004.wav,0.9581619096840076
id_06_00000005.wav,0.29817967230002607
id_06_00000006.wav,0.34489048087528196
id_06_00000007.wav,0.856216209202394
id_06_00000008.wav,0.6937122300886287
id_06_00000009.wav,0.8726713619114373
id_06_00000010.wav,0.3147004634722138
id_06_00000011.wav,0.12079782674035255
id_06_00000012.wav,0.3944469131914913
id_06_00000013.wav,0.9042678976516917
id_06_00000014.wav,0.9127589141615354
id_06_00000015.wav,0.36304427135560324
id_06_00000016.wav,0.07006089856276276
id_06_00000017.wav,0.7784435989427242
id_06_00000018.wav,0.22894945444267945
id_06_00000019.wav,0.011262457193898956
id_06_00000020.wav,0.7800274479123511
id_06_00000021.wav,0.9796030516618963
id_06_00000022.wav,0.13882869374756046
id_06_00000023.wav,0.030925358750667264
id_06_00000024.wav,0.6085302103790184
id_06_00000025.wav,0.22514407112457613
id_06_00000026.wav,0.8858758117390727
id_06_00000027.wav,0.22319981158711244
id_06_00000028.wav,0.9597475462250455
id_06_00000029.wav,0.4898309872280636
id_06_00000030.wav,0.13298132960383213
id_06_00000031.wav,0.6468625076612254
id_06_00000032.wav,0.43230044596102934
id_06_00000033.wav,0.6236029909879387
id_06_00000034.wav,0.5256667384264939
id_06_00000035.wav,0.6346602494590775
id_06_00000036.wav,0.5181729290230541
id_06_00000037.wav,0.16766525437248792
id_06_00000038.wav,0.6763596773937547
id_06_00000039.wav,0.5989598123396493
id_06_00000040.wav,0.6092951389521564
id_06_00000041.wav,0.6984550696414172
id_06_00000042.wav,0.7789554177022122
id_06_00000043.wav,0.4402231179597633
id_06_00000044.wav,0.24115117045606926
id_06_00000045.wav,0.6054813906001331
id_06_00000046.wav,0.7416465264951307
id_06_00000047.wav,0.3049150833420635
id_06_00000048.wav,0.9424583657595526
id_06_00000049.wav,0.4562056551363335
id_06_00000050.wav,0.8987186134930634
id_06_00000051.wav,0.06170830781338299
id_06_00000052.wav,0.5099235586609315
id_06_00000053.wav,0.27720743002622583
id_06_00000054.wav,0.34774339820014766
id_06_00000055.wav,0.9121192800350286
id_06_00000056.wav,0.8632088775217963
id_06_00000057.wav,0.5867986793714824
id_06_00000058.wav,0.9199095174980758
id_06_00000059.wav,0.6686911483201957
id_06_00000060.wav,0.0669499438347756
id_06_00000061.wav,0.2640792052760581
id_06_00000062.wav,0.754388123423136
id_06_00000063.wav,0.3893965116540503
id_06_00000064.wav,0.6860542028452594
id_06_00000065.wav,0.5027434569896643
id_06_00000066.wav,0.8951064861617506
id_06_00000067.wav,0.0516286802262067
id_06_00000068.wav,0.9653037016827105
id_06_00000069.wav,0.057128975023411965
id_06_00000070.wav,0.7221288460623756
id_06_00000071.wav,0.8115297894773316
id_06_00000072.wav,0.5512135137929516
id_06_00000073.wav,0.4615245482348065
id_06_00000074.wav,0.08184020171965001
id_06_00000075.wav,0.4921813194549779
id_06_00000076.wav,0.4696133139651183
id_06_00000077.wav,0.602125124154832
id_06_00000078.wav,0.43188706894856743
id_06_00000079.wav,0.972620199647625
id_06_00000080.wav,0.44985214006520613
id_06_00000081.wav,0.460593735626872
id_06_00000082.wav,0.4350316445392829
id_06_00000083.wav,0.7312322494637288
id_06_00000084.wav,0.3605674863102204
id_06_00000085.wav,0.888085501283926
id_06_00000086.wav,0.3053440224546745
id_06_00000087.wav,0.11237495041858114
id_06_00000088.wav,0.18268730602987804
id_06_00000089.wav,0.6430170200945714
id_06_00000090.wav,0.5677381718732011
id_06_00000091.wav,0.8572865705810412
id_06_00000092.wav,0.20380600739735
id_06_00000093.wav,0.4949441865913329
id_06_00000094.wav,0.12978311838425927
id_06_00000095.wav,0.884184259305754
id_06_00000096.wav,0.12023941863519216
id_06_00000097.wav,0.9590982285777745
id_06_00000098.wav,0.426802044008215
id_06_00000099.wav,0.6180210461894269
id_06_00000100.wav,0.9036518437355009
id_06_00000101.wav,0.8662742957843559
id_06_00000102.wav,0.21451527795321235
id_06_00000103.wav,0.6293342190680161
id_06_00000104.wav,0.4739312865292339
id_06_00000105.wav,0.32381323487117275
id_06_00000106.wav,0.9575789101557481
id_06_00000107.wav,0.6469692949844702
id_06_00000108.wav,0.862154832063935
id_06_00000109.wav,0.2769979067097129
id_06_00000110.wav,0.10851597322916307
id_06_00000111.wav,0.178669218700365
id_06_00000112.wav,0.6859542900855204
id_06_00000113.wav,0.20928338676626357
id_06_00000114.wav,0.4191501412510661
id_06_00000115.wav,0.6495560602372977
id_06_00000116.wav,0.34503238524862256
id_06_00000117.wav,0.9053967243728244
id_06_00000118.wav,0.7293677604044143
id_06_00000119.wav,0.09281298451383768
id_06_00000120.wav,0.6322766984223673
id_06_00000121.wav,0.4736632259250554
id_06_00000122.wav,0.13719244049144108
id_06_00000123.wav,0.11479719958797208
id_06_00000124.wav,0.8226492781832111
id_06_00000125.wav,0.5525258919723344
id_06_00000126.wav,0.6877328221734136
id_06_00000127.wav,0.4717939668439486
id_06_00000128.wav,0.71877497672653
id_06_00000129.wav,0.2117015874559388
id_06_00000130.wav,0.48788293831908847
id_06_00000131.wav,0.7071331101661077
id_06_00000132.wav,0.189835768692857
id_06_00000133.wav,0.5613254013657034
id_06_00000134.wav,0.925118316456545
id_06_00000135.wav,0.2419534029556396
id_06_00000136.wav,0.472609340749084
id_06_00000137.wav,0.5864107993420734
id_06_00000138.wav,0.971804807852167
id_06_00000139.wav,0.9094195207194036
id_06_00000140.wav,0.583489040387791
id_06_00000141.wav,0.9449533118659833
id_06_00000142.wav,0.4422019580135106
id_06_00000143.wav,0.9146749056848674
id_06_00000144.wav,0.5286312911268272
id_06_00000145.wav,0.18534747167397514
id_06_00000146.wav,0.8207812006495553
id_06_00000147.wav,0.9721239622850967
id_06_00000148.wav,0.6079542294866094
id_06_00000149.wav,0.06571617989656153
id_06_00000150.wav,0.3976152534143801
id_06_00000151.wav,0.97863224453876
id_06_00000152.wav,0.9276691456948766
id_06_00000153.wav,0.8363976772714494
id_06_00000154.wav,0.21629109586818662
id_06_00000155.wav,0.25935009266692344
id_06_00000156.wav,0.06429307394604156
id_06_00000157.wav,0.27919537583609944
id_06_00000158.wav,0.27123443794668867
id_06_00000159.wav,0.3080002834386042
id_06_00000160.wav,0.4025920667678736
id_06_00000161.wav,0.09731333657627916
id_06_00000162.wav,0.22754361233339693
id_06_00000163.wav,0.10922690880624619
id_06_00000164.wav,0.6249655790154921
id_06_00000165.wav,0.26000726333315627
id_06_00000166.wav,0.20935937215382028
id_06_00000167.wav,0.08159736962113395
id_06_00000168.wav,0.8130206493979188
id_06_00000169.wav,0.07048502657351297
id_06_00000170.wav,0.28375158766663733
id_06_00000171.wav,0.8668521788758112
id_06_00000172.wav,0.30000475708020813
id_06_00000173.wav,0.09209163581312985
id_06_00000174.wav,0.2707873305640984
id_06_00000175.wav,0.48946678786927944
id_06_00000176.wav,0.9664530268012684
id_06_00000177.wav,0.578488279447989
id_06_00000178.wav,0.6452814203708959
id_06_00000179.wav,0.6393504525046676
id_06_00000180.wav,0.2802512702044341
id_06_00000181.wav,0.5962759619768255
id_06_00000182.wav,0.9421655057320841
id_06_00000183.wav,0.39297020630071855
id_06_00000184.wav,0.06153676934817709
id_06_00000185.wav,0.6983962450703135
id_06_00000186.wav,0.4884481220383192
id_06_00000187.wav,0.5133313216524427
id_06_00000188.wav,0.7594474700920228
id_06_00000189.wav,0.14137943060849867
id_06_00000190.wav,0.30781104133595694
id_06_00000191.wav,0.6916075724401672
id_06_00000192.wav,0.36176105595637276
id_06_00000193.wav,0.25362461321192886
id_06_00000194.wav,0.5278281914234685
id_06_00000195.wav,0.06368503342073262
id_06_00000196.wav,0.6237061226299355
id_06_00000197.wav,0.4480713211794224
id_06_00000198.wav,0.0754870879922922
id_06_00000199.wav,0.1488396772475833
id_06_00000200.wav,0.12477910702056405
id_06_00000201.wav,0.8241347664755893
id_06_00000202.wav,0.9529776752599026
id_06_00000203.wav,0.5680035054131872
id_06_00000204.wav,0.31153151356627684
id_06_00000205.wav,0.9642183170662526
id_06_00000206.wav,0.665203282519949
id_06_00000207.wav,0.045957839832662106
id_06_00000208.wav,0.9707848828634281
id_06_00000209.wav,0.2596890643331441
id_06_00000210.wav,0.6183616934767103
id_06_00000211.wav,0.16783055794415014
id_06_00000212.wav,0.9841110325999665
id_06_00000213.wav,0.7852862002929961
id_06_00000214.wav,0.05082441025572304
id_06_00000215.wav,0.17317436287543275
id_06_00000216.wav,0.19910917148346552
id_06_00000217.wav,0.6540110561129161
id_06_00000218.wav,0.24407426325408688
id_06_00000219.wav,0.7170749174776302
id_06_00000220.wav,0.2869554921219828
id_06_00000221.wav,0.4966853711029806
id_06_00000222.wav,0.9205122006991863
id_06_00000223.wav,0.9824767575142294
id_06_00000224.wav,0.36086402493977554
id_06_00000225.wav,0.8677668730488702
id_06_00000226.wav,0.9869033838247191
id_06_00000227.wav,0.6041857106829034
id_06_00000228.wav,0.734434987955915
id_06_00000229.wav,0.3739754403030634
id_06_00000230.wav,0.46656126774755946
id_06_00000231.wav,0.7467010200756327
id_06_00000232.wav,0.6484008150933832
id_06_00000233.wav,0.42597822382584827
id_06_00000234.wav,0.07079896143526654
id_06_00000235.wav,0.9272215250024433
id_06_00000236.wav,0.42903604395402883
id_06_00000237.wav,0.19004850488320413
id_06_00000238.wav,0.7513716024411176
id_06_00000239.wav,0.48006331085238096
id_06_00000240.wav,0.22015921839904762
id_06_00000241.wav,0.878606560403401
id_06_00000242.wav,0.3699511752482505
id_06_00000243.wav,0.7141006646149314
id_06_00000244.wav,0.8503747634627529
id_06_00000245.wav,0.018684812151558372
id_06_00000246.wav,0.04104782600466461
id_06_00000247.wav,0.5115081220984394
id_06_00000248.wav,0.4930006415399629
id_06_00000249.wav,0.8891971039502468
id_06_00000250.wav,0.9267055688419753
id_06_00000251.wav,0.8815654752139928
id_06_00000252.wav,0.5143984498986469
id_06_00000253.wav,0.6774700592510995
id_06_00000254.wav,0.7497833206055537
id_06_00000255.wav,0.37036578249052443
id_06_00000256.wav,0.10752214194113441
id_06_00000257.wav,0.20340423415380493
id_06_00000258.wav,0.6074424317697625
id_06_00000259.wav,0.23037429420725175
id_06_00000260.wav,0.5543416228470859
id_06_00000261.wav,0.787059576071157
id_06_00000262.wav,0.4819551717906603
id_06_00000263.wav,0.15888162793868787
id_06_00000264.wav,0.05158863855352869
id_06_00000265.wav,0.5353855462098199
id_06_00000266.wav,0.377873943508385
id_06_00000267.wav,0.056293821588215165
id_06_00000268.wav,0.7187358763135462
id_06_00000269.wav,0.6701488804145902
id_06_00000270.wav,0.6769508094860144
id_06_00000271.wav,0.2640197853827191
id_06_00000272.wav,0.6055446011644475
id_06_00000273.wav,0.8564129655167563
id_06_00000274.wav,0.9045454846717647
id_06_00000275.wav,0.013408167402787718
id_06_00000276.wav,0.09230710985934487
id_06_00000277.wav,0.4033743416315483
id_06_00000278.wav,0.349693116485996
id_06_00000279.wav,0.7498647264505889
id_06_00000280.wav,0.8765573131557023
id_06_00000281.wav,0.9574543246557201
id_06_00000282.wav,0.6369278226043832
id_06_00000283.wav,0.536205441922231
id_06_00000284.wav,0.6717247230304797
id_06_00000285.wav,0.21298853366840154
id_06_00000286.wav,0.002585058480079172
id_06_00000287.wav,0.05086371076304197
id_06_00000288.wav,0.6104520542474148
id_06_00000289.wav,0.9476137946048696
id_06_00000290.wav,0.8996293050780984
id_06_00000291.wav,0.2922234496709465
id_06_00000292.wav,0.5517361549047058
id_06_00000293.wav,0.9624277268972758
id_06_00000294.wav,0.9218782684258324
id_06_00000295.wav,0.18906181384609566
id_06_00000296.wav,0.12062229186230078
id_06_00000297.wav,0.30087824033001465
id_06_00000298.wav,0.64380795884039
id_06_00000299.wav,0.9943298921773224
id_06_00000300.wav,0.3492857037779833
id_06_00000301.wav,0.11642817361321756
id_06_00000302.wav,0.30022514795901545
id_06_00000303.wav,0.5214849807913698
id_06_00000304.wav,0.3973658629637131
id_06_00000305.wav,0.03858032936583078
id_06_00000306.wav,0.029362222413829908
id_06_00000307.wav,0.009553083620747582
id_06_00000308.wav,0.5569566268728372
id_06_00000309.wav,0.6666325903094773
id_06_00000310.wav,0.3613942844771717
id_06_00000311.wav,0.12271113104054032
id_06_00000312.wav,0.6676393790874482
id_06_00000313.wav,0.6220029341375953
id_06_00000314.wav,0.8010306186347885
id_06_00000315.wav,0.6494795052216712
id_06_00000316.wav,0.035896801501371645
id_06_00000317.wav,0.9282961209769527
id_06_00000318.wav,0.4951923869095334
id_06_00000319.wav,0.04632094345788906
id_06_00000320.wav,0.9356697266178614
id_06_00000321.wav,0.6648062976428193
id_06_00000322.wav,0.11690168310573146
id_06_00000323.wav,0.41503596783114505
id_06_00000324.wav,0.1065393145856981
id_06_00000325.wav,0.11464315009080839
id_06_00000326.wav,0.8924001955280232
id_06_00000327.wav,0.5526989640693228
id_06_00000328.wav,0.3479913612043877
id_06_00000329.wav,0.005592755377024861
id_06_00000330.wav,0.6568359616457526
id_06_00000331.wav,0.8832890191296083
id_06_00000332.wav,0.02803516146773488
id_06_00000333.wav,0.731267899631345
id_06_00000334.wav,0.8825939599650451
id_06_00000335.wav,0.6033984903624481
id_06_00000336.wav,0.12214252533058734
id_06_00000337.wav,0.8592765346316308
id_06_00000338.wav,0.25292948179598185
id_06_00000339.wav,0.21276425473507776
id_06_00000340.wav,0.38842951444491036
id_06_00000341.wav,0.4427368403256323
id_06_00000342.wav,0.42699703398911026
id_06_00000343.wav,0.7687965890330561
id_06_00000344.wav,0.5856615128294934
id_06_00000345.wav,0.5031664346906853
id_06_00000346.wav,0.5171707332340855
id_06_00000347.wav,0.18600854478105888
id_06_00000348.wav,0.43375509985611715
id_06_00000349.wav,0.3015701319659677
id_06_00000350.wav,0.5033989197274108
id_06_00000351.wav,0.703934171315202
id_06_00000352.wav,0.9886909407428993
id_06_00000353.wav,0.632757720149088
id_06_00000354.wav,0.6409344408527343
id_06_00000355.wav,0.3728680908014782
id_06_00000356.wav,0.3516000510019228
id_06_00000357.wav,0.878653337757861
id_06_00000358.wav,0.4532148854281579
id_06_00000359.wav,0.30121003118156076
id_06_00000360.wav,0.29007261761699166
id_06_00000361.wav,0.40903345226297794
id_06_00000362.wav,0.3511695395075587
id_06_00000363.wav,0.41656079381878963
id_06_00000364.wav,0.7808221783647343
id_06_00000365.wav,0.8423799728851158
id_06_00000366.wav,0.3445542821749784
id_06_00000367.wav,0.9627663175609464
id_06_00000368.wav,0.5164339825932973
id_06_00000369.wav,0.8656311794978843
id_06_00000370.wav,0.19077428509747396
id_06_00000371.wav,0.012547332062002647
id_06_00000372.wav,0.9988964724577919
id_06_00000373.wav,0.24420022322870283
id_06_00000374.wav,0.8255900896141922
id_06_00000375.wav,0.993898226660591
id_06_00000376.wav,0.31476774256440854
id_06_00000377.wav,0.7581016592940096
id_06_00000378.wav,0.9889953514301436
id_06_00000379.wav,0.4345497530060697
id_06_00000380.wav,0.6817281685320673
id_06_00000381.wav,0.5318316565966541
id_06_00000382.wav,0.4856552547782387
id_06_00000383.wav,0.21972593200462365
id_06_00000384.wav,0.21428812137209807
id_06_00000385.wav,0.6550749137247698
id_06_00000386.wav,0.874276763416934
id_06_00000387.wav,0.15078205525661215
id_06_00000388.wav,0.0980201394554161
id_06_00000389.wav,0.002029383306076271
id_06_00000390.wav,0.9758387754146711
id_06_00000391.wav,0.5917236669096859
id_06_00000392.wav,0.26856949019929954
id_06_00000393.wav,0.04674059005096798
id_06_00000394.wav,0.9692785169221207
id_06_00000395.wav,0.9086909264243791
id_06_00000396.wav,0.4533507808566768
id_06_00000397.wav,0.6708837604939165
id_06_00000398.wav,0.7309852032460138
id_06_00000399.wav,0.6047441626166716
id_06_00000400.wav,0.41348280053775277
id_06_00000401.wav,0.48050773650531975
id_06_00000402.wav,0.13100684934717555
id_06_00000403.wav,0.3973278327952636
id_06_00000404.wav,0.20341776683761603
id_06_00000405.wav,0.9602303608813247
id_06_00000406.wav,0.11808087033166126
id_06_00000407.wav,0.7934634785189585
id_06_00000408.wav,0.9637710455186197
id_06_00000409.wav,0.91410608816547
id_06_00000410.wav,0.06084021638475812
id_06_00000411.wav,0.29053324285334825
id_06_00000412.wav,0.0846038482215864
id_06_00000413.wav,0.47633647826944925
id_06_00000414.wav,0.24053776411253514
id_06_00000415.wav,0.14079782480642566
id_06_00000416.wav,0.7855635255149632
id_06_00000417.wav,0.6394358195687391
id_06_00000418.wav,0.15776503186217794
id_06_00000419.wav,0.7129573564934258
id_06_00000420.wav,0.7737088789437305
id_06_00000421.wav,0.03339714743990496
id_06_00000422.wav,0.9821789617339224
id_06_00000423.wav,0.6717272579578315
id_06_00000424.wav,0.643482612282739
id_06_00000425.wav,0.20888056977528602
id_06_00000426.wav,0.07557577278085204
id_06_00000427.wav,0.9052459461477677
id_06_00000428.wav,0.1840543133445126
id_06_00000429.wav,0.603741639561647
id_06_00000430.wav,0.9828039232185881
id_06_00000431.wav,0.8981729798021755
id_06_00000432.wav,0.21955994539457313
id_06_00000433.wav,0.23707878953792028
id_06_00000434.wav,0.057298642375132824
id_06_00000435.wav,0.1269940543471465
id_06_00000436.wav,0.4161846436698544
id_06_00000437.wav,0.5660155648367038
id_06_00000438.wav,0.09449648656849541
id_06_00000439.wav,0.9616255306101519
id_06_00000440.wav,0.7707035173537762
id_06_00000441.wav,0.6566119406087173
id_06_00000442.wav,0.12541510299075753
id_06_00000443.wav,0.5676644238290406
id_06_00000444.wav,0.8905870754612473
id_06_00000445.wav,0.09575914067236124
id_06_00000446.wav,0.7269865405857469
id_06_00000447.wav,0.04805130480384234
id_06_00000448.wav,0.7465096079174014
id_06_00000449.wav,0.07508882567104502
id_06_00000450.wav,0.5673369650275862
id_06_00000451.wav,0.7238463644194775
id_06_00000452.wav,0.27082102374674977
id_06_00000453.wav,0.81431286677477
id_06_00000454.wav,0.42302291928991886
id_06_00000455.wav,0.9356371705955919
id_06_00000456.wav,0.1243431341376684
id_06_00000457.wav,0.8566467593095761
id_06_00000458.wav,0.027714695093748132
id_06_00000459.wav,0.17592633080133901
id_06_00000460.wav,0.34700614928433915
id_06_00000461.wav,0.235750349007944
id_06_00000462.wav,0.06351723850211188
id_06_00000463.wav,0.6386246921600872
id_06_00000464.wav,0.06110109684962839
id_06_00000465.wav,0.40566262469483594
id_06_00000466.wav,0.647690001822172
id_06_00000467.wav,0.4253271379480358
id_06_00000468.wav,0.8877012181036217
id_06_00000469.wav,0.7975891388546068
id_06_00000470.wav,0.06832798167023713
id_06_00000471.wav,0.23394633891136052
id_06_00000472.wav,0.28848324489026544
id_06_00000473.wav,0.6489190461888045
id_06_00000474.wav,0.6726565914633476
id_06_00000475.wav,0.048725006584228514
id_06_00000476.wav,0.751100193381221
id_06_00000477.wav,0.3660498530694618
id_06_00000478.wav,0.12802814669834983
id_06_00000479.wav,0.9861151232758226
id_06_00000480.wav,0.305079491334871
id_06_00000481.wav,0.7027850372100328
id_06_00000482.wav,0.5158380493072131
id_06_00000483.wav,0.03739429867898503
id_06_00000484.wav,0.889430319498526
id_06_00000485.wav,0.43622743159945887
id_06_00000486.wav,0.5539667442437418
id_06_00000487.wav,0.17101172943837184
id_06_00000488.wav,0.3542273870172762
id_06_00000489.wav,0.7599710908801802
id_06_00000490.wav,0.5407133974976154
id_06_00000491.wav,0.8036815065906934
id_06_00000492.wav,0.1461467464020686
id_06_00000493.wav,0.49762106705012676
id_06_00000494.wav,0.4993978696256174
id_06_00000495.wav,0.08119480914390953
id_06_00000496.wav,0.46716452038573164
id_06_00000497.wav,0.6595048862510646
id_06_00000498.wav,0.15055326288030957
id_06_00000499.wav,0.6225547530587909
id_06_00000500.wav,0.7612071173872428
id_06_00000501.wav,0.7309216085393653
id_06_00000502.wav,0.7284681771179892
id_06_00000503.wav,0.9266963654102237
id_06_00000504.wav,0.918642494594998
id_06_00000505.wav,0.9081813548323314
id_06_00000506.wav,0.40220827748529075
id_06_00000507.wav,0.038862159325790735
id_06_00000508.wav,0.8381613212288772
id_06_00000509.wav,0.086400695647743
id_06_00000510.wav,0.8896437589298661
id_06_00000511.wav,0.9075266596566217
id_06_00000512.wav,0.8128844014489183
id_06_00000513.wav,0.8172794819482736
id_06_00000514.wav,0.08251530496200554
id_07_00000000.wav,0.4559836631594707
id_07_00000001.wav,0.48045749541274263
id_07_00000002.wav,0.012100417891500181
id_07_00000003.wav,0.2324996438580228
id_07_00000004.wav,0.04922766084204033
id_07_00000005.wav,0.5924001262358652
id_07_00000006.wav,0.5294720529336641
id_07_00000007.wav,0.7464526270715689
id_07_00000008.wav,0.4540214103805975
id_07_00000009.wav,0.8793899162568418
id_07_00000010.wav,0.6935900945855508
id_07_00000011.wav,0.12333991463519267
id_07_00000012.wav,0.7791691700138109
id_07_00000013.wav,0.0036577591276552024
id_07_00000014.wav,0.6594393854692178
id_07_00000015.wav,0.07438674100551568
id_07_00000016.wav,0.09479033952626648
id_07_00000017.wav,0.5726021610812746
id_07_00000018.wav,0.7325520335760225
id_07_00000019.wav,0.6319159249439111
id_07_00000020.wav,0.2684222036429925
id_07_00000021.wav,0.13001586077415905
id_07_00000022.wav,0.8828874796416433
id_07_00000023.wav,0.14165873639652082
id_07_00000024.wav,0.8469618482014802
id_07_00000025.wav,0.017034232872665256
id_07_00000026.wav,0.11393342651542027
id_07_00000027.wav,0.7704968986372865
id_07_00000028.wav,0.07680907996796293
id_07_00000029.wav,0.06309845147080217
id_07_00000030.wav,0.9598056947989358
id_07_00000031.wav,0.9419701871703424
id_07_00000032.wav,0.2580873507620133
id_07_00000033.wav,0.5740312589457551
id_07_00000034.wav,0.37844000589124105
id_07_00000035.wav,0.669340604510861
id_07_00000036.wav,0.34651223279784227
id_07_00000037.wav,0.7678341963068236
id_07_00000038.wav,0.5107182169385571
id_07_00000039.wav,0.27107118492481896
id_07_00000040.wav,0.022860423598415003
id_07_00000041.wav,0.6768814064417762
id_07_00000042.wav,0.2973620216734688
id_07_00000043.wav,0.6627695871721248
id_07_00000044.wav,0.9086725977458405
id_07_00000045.wav,0.9336162876442914
id_07_00000046.wav,0.231668176055442
id_07_00000047.wav,0.45806662927259134
id_07_00000048.wav,0.001408803977196782
id_07_00000049.wav,0.8211752781250333
id_07_00000050.wav,0.1451333760496909
id_07_00000051.wav,0.13900767170806083
id_07_00000052.wav,0.7810020391343209
id_07_00000053.wav,0.02374570907621021
id_07_00000054.wav,0.5985582151294827
id_07_00000055.wav,0.7374001479021801
id_07_00000056.wav,0.7177226320388588
id_07_00000057.wav,0.4570983183132187
id_07_00000058.wav,0.6609418984818097
id_07_00000059.wav,0.4811673323217296
id_07_00000060.wav,0.9224265826651499
id_07_00000061.wav,0.5424501524999733
id_07_00000062.wav,0.9052815490148595
id_07_00000063.wav,0.9176158112068138
id_07_00000064.wav,0.5720670374389947
id_07_00000065.wav,0.6502855152215717
id_07_00000066.wav,0.8141142449579714
id_07_00000067.wav,0.10827525334029775
id_07_00000068.wav,0.05219578533734015
id_07_00000069.wav,0.3210138320393151
id_07_00000070.wav,0.08935630878985701
id_07_00000071.wav,0.8747188722649494
id_07_00000072.wav,0.979934890218803
id_07_00000073.wav,0.212051969757992
id_07_00000074.wav,0.2177144018768744
id_07_00000075.wav,0.7962977000033041
id_07_00000076.wav,0.09019054211696642
id_07_00000077.wav,0.42818597262052427
id_07_00000078.wav,0.7511045816550047
id_07_00000079.wav,0.2519276076500473
id_07_00000080.wav,0.4415964317592975
id_07_00000081.wav,0.39402268390503836
id_07_00000082.wav,0.14685869387609696
id_07_00000083.wav,0.4748133704043762
id_07_00000084.wav,0.4162207673044086
id_07_00000085.wav,0.8381113414013274
id_07_00000086.wav,0.9351897753204748
id_07_00000087.wav,0.526503810067918
id_07_00000088.wav,0.5301736424293317
id_07_00000089.wav,0.7375979250644992
id_07_00000090.wav,0.24001911967520806
id_07_00000091.wav,0.40490759909132124
id_07_00000092.wav,0.7944343486681531
id_07_00000093.wav,0.6769600609058939
id_07_00000094.wav,0.15371424524479793
id_07_00000095.wav,0.49124513644272794
id_07_00000096.wav,0.14763288241049155
id_07_00000097.wav,0.41557888903665197
id_07_00000098.wav,0.640236532791499
id_07_00000099.wav,0.9383683569905282
id_07_00000100.wav,0.34288900845870385
id_07_00000101.wav,0.6429524084651145
id_07_00000102.wav,0.3454460032812149
id_07_00000103.wav,0.6354513973989584
id_07_00000104.wav,0.9866379562393552
id_07_00000105.wav,0.3162866384881148
id_07_00000106.wav,0.1944782774991628
id_07_00000107.wav,0.9064549229148814
id_07_00000108.wav,0.4566676850494712
id_07_00000109.wav,0.586872381163
id_07_00000110.wav,0.07832491559806287
id_07_00000111.wav,0.7275722269877261
id_07_00000112.wav,0.8604378128654583
id_07_00000113.wav,0.335707654147952
id_07_00000114.wav,0.9596019222218725
id_07_00000115.wav,0.5898418355251318
id_07_00000116.wav,0.4119359319775113
id_07_00000117.wav,0.6887646907464092
id_07_00000118.wav,0.24249276639516615
id_07_00000119.wav,0.9671107739417791
id_07_00000120.wav,0.4163986691304429
id_07_00000121.wav,0.10134830279828644
id_07_00000122.wav,0.47664032243027254
id_07_00000123.wav,0.2989572345100244
id_07_00000124.wav,0.9433799039879003
id_07_00000125.wav,0.7632641586491279
id_07_00000126.wav,0.44604871510394284
id_07_00000127.wav,0.5260454073019567
id_07_00000128.wav,0.42227489884165514
id_07_00000129.wav,0.33412474795529445
id_07_00000130.wav,0.9358023464587496
id_07_00000131.wav,0.8263654711844668
id_07_00000132.wav,0.9283924847269847
id_07_00000133.wav,0.8799035020944908
id_07_00000134.wav,0.5199047229578696
id_07_00000135.wav,0.10326088458884619
id_07_00000136.wav,0.2734939315747801
id_07_00000137.wav,0.5304360295505518
id_07_00000138.wav,0.7169090366671027
id_07_00000139.wav,0.8636111568773721
id_07_00000140.wav,0.8716100423951828
id_07_00000141.wav,0.32023147710714306
id_07_00000142.wav,0.44485471284994227
id_07_00000143.wav,0.6852215153836355
id_07_00000144.wav,0.8596358940266807
id_07_00000145.wav,0.5135309406873786
id_07_00000146.wav,0.49651333944265896
id_07_00000147.wav,0.5521171754023824
id_07_00000148.wav,0.5558059175940991
id_07_00000149.wav,0.2718451573944082
id_07_00000150.wav,0.898481887800608
id_07_00000151.wav,0.8865549668250604
id_07_00000152.wav,0.640133082040048
id_07_00000153.wav,0.9274956646198109
id_07_00000154.wav,0.09203124724906286
id_07_00000155.wav,0.5432066041666805
id_07_00000156.wav,0.2530793520518977
id_07_00000157.wav,0.16644803382200912
id_07_00000158.wav,0.6167196336594961
id_07_00000159.wav,0.17240237339483255
id_07_00000160.wav,0.3947447118041152
id_07_00000161.wav,0.05436095255598028
id_07_00000162.wav,0.7175297548725745
id_07_00000163.wav,0.612726093577518
id_07_00000164.wav,0.8580886346756004
id_07_00000165.wav,0.08281936221904884
id_07_00000166.wav,0.1500930610292257
id_07_00000167.wav,0.683047447267471
id_07_00000168.wav,0.9086027909862304
id_07_00000169.wav,0.15414669731698538
id_07_00000170.wav,0.12888220248621773
id_07_00000171.wav,0.15485463401837318
id_07_00000172.wav,0.8649185288910052
id_07_00000173.wav,0.7789824426072277
id_07_00000174.wav,0.7286294351680547
id_07_00000175.wav,0.6418857182727631
id_07_00000176.wav,0.0034684658678870717
id_07_00000177.wav,0.27682907549385116
id_07_00000178.wav,0.16133359398828995
id_07_00000179.wav,0.05044771915941659
id_07_00000180.wav,0.9629881036769975
id_07_00000181.wav,0.8896762234831802
id_07_00000182.wav,0.7838413965237098
id_07_00000183.wav,0.1048318121308025
id_07_00000184.wav,0.1070396447480565
id_07_00000185.wav,0.6638098102334952
id_07_00000186.wav,0.45741802544681553
id_07_00000187.wav,0.91076613285605
id_07_00000188.wav,0.46183427385437525
id_07_00000189.wav,0.4772709269518507
id_07_00000190.wav,0.19477836074524602
id_07_00000191.wav,0.5480631991824977
id_07_00000192.wav,0.4262188668617516
id_07_00000193.wav,0.8669291450807249
id_07_00000194.wav,0.9902135028889355
id_07_00000195.wav,0.2731757160335536
id_07_00000196.wav,0.8888453830048165
id_07_00000197.wav,0.2541186663584323
id_07_00000198.wav,0.39572093446399137
id_07_00000199.wav,0.26402582788746753
id_07_00000200.wav,0.9039821759043208
id_07_00000201.wav,0.2448600905229269
id_07_00000202.wav,0.3170944671390862
id_07_00000203.wav,0.39042037235139204
id_07_00000204.wav,0.7938865668514721
id_07_00000205.wav,0.3447083597631221
id_07_00000206.wav,0.30421782426126964
id_07_00000207.wav,0.5803178420283963
id_07_00000208.wav,0.5517214239134371
id_07_00000209.wav,0.6034220416053884
id_07_00000210.wav,0.22963574341738047
id_07_00000211.wav,0.2905700377468503
id_07_00000212.wav,0.10425112018031613
id_07_00000213.wav,0.4140554967603628
id_07_00000214.wav,0.09918076315534707
id_07_00000215.wav,0.8047954860589766
id_07_00000216.wav,0.23802711776117924
id_07_00000217.wav,0.1251132028905172
id_07_00000218.wav,0.6128780858201953
id_07_00000219.wav,0.7477368182749043
id_07_00000220.wav,0.9065339294319913
id_07_00000221.wav,0.977330396594421
id_07_00000222.wav,0.8445773745190344
id_07_00000223.wav,0.5702813043180549
id_07_00000224.wav,0.1311040708761183
id_07_00000225.wav,0.8428763777084837
id_07_00000226.wav,0.5787314234827372
id_07_00000227.wav,0.4573018943608057
id_07_00000228.wav,0.17091677635070424
id_07_00000229.wav,0.23181110349794243
id_07_00000230.wav,0.5719145259376457
id_07_00000231.wav,0.6544768563635961
id_07_00000232.wav,0.3199193711709839
id_07_00000233.wav,0.8523398566516477
id_07_00000234.wav,0.8411462664199956
id_07_00000235.wav,0.25929951566394616
id_07_00000236.wav,0.05855469507585043
id_07_00000237.wav,0.8411065848173948
id_07_00000238.wav,0.5347551696900258
id_07_00000239.wav,0.8500529427320889
id_07_00000240.wav,0.11673308168090601
id_07_00000241.wav,0.02986024938635279
id_07_00000242.wav,0.4347674267081786
id_07_00000243.wav,0.38004455719565977
id_07_00000244.wav,0.16642792546209195
id_07_00000245.wav,0.6734173218665218
id_07_00000246.wav,0.5519695790230721
id_07_00000247.wav,0.16688825897839976
id_07_00000248.wav,0.9523199359058047
id_07_00000249.wav,0.38172279310415924
id_07_00000250.wav,0.27479839638016323
id_07_00000251.wav,0.5411480902823576
id_07_00000252.wav,0.6346278438744527
id_07_00000253.wav,0.7803061136325791
id_07_00000254.wav,0.7281788134891252
id_07_00000255.wav,0.18311112900443538
id_07_00000256.wav,0.0690211797491912
id_07_00000257.wav,0.20243944839884542
id_07_00000258.wav,0.7001754613008351
id_07_00000259.wav,0.024618258827550532
id_07_00000260.wav,0.018797223854662315
id_07_00000261.wav,0.5589569340780305
id_07_00000262.wav,0.1236291787119902
id_07_00000263.wav,0.9330035875651823
id_07_00000264.wav,0.7813476422067989
id_07_00000265.wav,0.3057228767616401
id_07_00000266.wav,0.4218075801221619
id_07_00000267.wav,0.7556308892223427
id_07_00000268.wav,0.3126982262622312
id_07_00000269.wav,0.18917611090799313
id_07_00000270.wav,0.4880708586758534
id_07_00000271.wav,0.03706291426318087
id_07_00000272.wav,0.09358408550230557
id_07_00000273.wav,0.13471544098191957
id_07_00000274.wav,0.3708414206407461
id_07_00000275.wav,0.16464868165638347
id_07_00000276.wav,0.4088461301135978
id_07_00000277.wav,0.7288946490591275
id_07_00000278.wav,0.7113009995899715
id_07_00000279.wav,0.48662594624536004
id_07_00000280.wav,0.08228184156164653
id_07_00000281.wav,0.22508900166379464
id_07_00000282.wav,0.7892617643539839
id_07_00000283.wav,0.4838636177843202
id_07_00000284.wav,0.1563868614388768
id_07_00000285.wav,0.6500819836539526
id_07_00000286.wav,0.6152330687377862
id_07_00000287.wav,0.9380596729273425
id_07_00000288.wav,0.39514197154986275
id_07_00000289.wav,0.05168540911561148
id_07_00000290.wav,0.015760165960166717
id_07_00000291.wav,0.7215618416312429
id_07_00000292.wav,0.46275813094117557
id_07_00000293.wav,0.7329379836527707
id_07_00000294.wav,0.8644863487039439
id_07_00000295.wav,0.8873061322280182
id_07_00000296.wav,0.8505114757365784
id_07_00000297.wav,0.11384260893868692
id_07_00000298.wav,0.8633786412003402
id_07_00000299.wav,0.8304078511489134
id_07_00000300.wav,0.8369364928927803
id_07_00000301.wav,0.009701337498025597
id_07_00000302.wav,0.23717414746012722
id_07_00000303.wav,0.5342084049697807
id_07_00000304.wav,0.8655204094391321
id_07_00000305.wav,0.3663581992060154
id_07_00000306.wav,0.8221273852921837
id_07_00000307.wav,0.7857629488867952
id_07_00000308.wav,0.18411335306618082
id_07_00000309.wav,0.6923434674544308
id_07_00000310.wav,0.7140721284594977
id_07_00000311.wav,0.4751015576418004
id_07_00000312.wav,0.10537281304583945
id_07_00000313.wav,0.014865544922972762
id_07_00000314.wav,0.07401265140385371
id_07_00000315.wav,0.8002947428024314
id_07_00000316.wav,0.7049823756126335
id_07_00000317.wav,0.9877658115501802
id_07_00000318.wav,0.5241374453327791
id_07_00000319.wav,0.8791420699291601
id_07_00000320.wav,0.49108289566694263
id_07_00000321.wav,0.12782142464366608
id_07_00000322.wav,0.9926935373324749
id_07_00000323.wav,0.8225631461722999
id_07_00000324.wav,0.6117699125216259
id_07_00000325.wav,0.0513332035801386
id_07_00000326.wav,0.4433858043441854
id_07_00000327.wav,0.9894599371400719
id_07_00000328.wav,0.5780355267851371
id_07_00000329.wav,0.160932158988505
id_07_00000330.wav,0.7079514127720429
id_07_00000331.wav,0.7364675317623758
id_07_00000332.wav,0.6720448453625087
id_07_00000333.wav,0.4572353689409895
id_07_00000334.wav,0.4094273042102601
id_07_00000335.wav,0.8715466486948404
id_07_00000336.wav,0.7401083795491574
id_07_00000337.wav,0.9169212133888981
id_07_00000338.wav,0.8130040494868007
id_07_00000339.wav,0.3906425573372022
id_07_00000340.wav,0.4547237921387933
id_07_00000341.wav,0.031027028095887643
id_07_00000342.wav,0.09384708815637288
id_07_00000343.wav,0.059085596513539174
id_07_00000344.wav,0.22743608693836537
id_07_00000345.wav,0.4336560938226076
id_07_00000346.wav,0.12083169194118004
id_07_00000347.wav,0.8870951817854302
id_07_00000348.wav,0.9214179337812269
id_07_00000349.wav,0.26818623812539444
id_07_00000350.wav,0.40560067498807917
id_07_00000351.wav,0.66166387160912
id_07_00000352.wav,0.7865304522565691
id_07_00000353.wav,0.7447695705247294
id_07_00000354.wav,0.8849202742590857
id_07_00000355.wav,0.37793726705804975
id_07_00000356.wav,0.6841253918024346
id_07_00000357.wav,0.5779407631607456
id_07_00000358.wav,0.5184747268147579
id_07_00000359.wav,0.6025151010839699
id_07_00000360.wav,0.08565576932484997
id_07_00000361.wav,0.6248171399045824
id_07_00000362.wav,0.16431390012870895
id_07_00000363.wav,0.1425845292258382
id_07_00000364.wav,0.07227188581693567
id_07_00000365.wav,0.9821480448141995
id_07_00000366.wav,0.7938706910600527
id_07_00000367.wav,0.7638189035448402
id_07_00000368.wav,0.2049809209982788
id_07_00000369.wav,0.2056512439532019
id_07_00000370.wav,0.43299617018272485
id_07_00000371.wav,0.5347652331398826
id_07_00000372.wav,0.015961970335649722
id_07_00000373.wav,0.417358246267199
id_07_00000374.wav,0.06345629837764011
id_07_00000375.wav,0.12220684033033513
id_07_00000376.wav,0.022044539435608357
id_07_00000377.wav,0.2877838576659425
id_07_00000378.wav,0.8460609248091535
id_07_00000379.wav,0.9534299308445439
id_07_00000380.wav,0.5031504849460907
id_07_00000381.wav,0.9310964158612167
id_07_00000382.wav,0.5856870555731931
id_07_00000383.wav,0.7991271494168986
id_07_00000384.wav,0.3631249128094879
id_07_00000385.wav,0.9831693598233445
id_07_00000386.wav,0.0997289743781632
id_07_00000387.wav,0.17501388035399912
id_07_00000388.wav,0.6984775707359366
id_07_00000389.wav,0.6599484461804183
id_07_00000390.wav,0.930720332036489
id_07_00000391.wav,0.6759499967651842
id_07_00000392.wav,0.022672738812051563
id_07_00000393.wav,0.21081106619369372
id_07_00000394.wav,0.14071844949795342
id_07_00000395.wav,0.9311248771856285
id_07_00000396.wav,0.5577489218095826
id_07_00000397.wav,0.7219808948010663
id_07_00000398.wav,0.4928829365973294
id_07_00000399.wav,0.5981614610339424
id_07_00000400.wav,0.5656019368509687
id_07_00000401.wav,0.35821777983251346
id_07_00000402.wav,0.24019516621272474
id_07_00000403.wav,0.0485129799048849
id_07_00000404.wav,0.5233795431051692
id_07_00000405.wav,0.23303442429477805
id_07_00000406.wav,0.4207844962275855
id_07_00000407.wav,0.2098887281422499
id_07_00000408.wav,0.31543462789078613
id_07_00000409.wav,0.9574676369580227
id_07_00000410.wav,0.0905554770476702
id_07_00000411.wav,0.8556186018196006
id_07_00000412.wav,0.29615768609562243
id_07_00000413.wav,0.6503519388106529
id_07_00000414.wav,0.605601807922081
id_07_00000415.wav,0.08133319744686196
id_07_00000416.wav,0.49375266651526317
id_07_00000417.wav,0.5680553804381954
id_07_00000418.wav,0.9894123021388246
id_07_00000419.wav,0.7468283467128892
id_07_00000420.wav,0.280310044017941
id_07_00000421.wav,0.911514956503312
id_07_00000422.wav,0.029907715307066818
id_07_00000423.wav,0.8652590546503545
id_07_00000424.wav,0.08513816028480048
id_07_00000425.wav,0.7204279746387146
id_07_00000426.wav,0.29580090410488014
id_07_00000427.wav,0.726334538620663
id_07_00000428.wav,0.6154863232253733
id_07_00000429.wav,0.3019810032679672
id_07_00000430.wav,0.1202018913032783
id_07_00000431.wav,0.6803293457637216
id_07_00000432.wav,0.19152500206470258
id_07_00000433.wav,0.7641223583326052
id_07_00000434.wav,0.10599976777082987
id_07_00000435.wav,0.014233780158348197
id_07_00000436.wav,0.23336549156017006
id_07_00000437.wav,0.455823409954336
id_07_00000438.wav,0.5360172800280412
id_07_00000439.wav,0.6022319033904389
id_07_00000440.wav,0.07537184716210754
id_07_00000441.wav,0.5045401816744481
id_07_00000442.wav,0.7544817358569151
id_07_00000443.wav,0.8304276295148159
id_07_00000444.wav,0.8705364192694741
id_07_00000445.wav,0.9126837763305689
id_07_00000446.wav,0.23158608128210212
id_07_00000447.wav,0.24811703840415256
id_07_00000448.wav,0.029295183296567995
id_07_00000449.wav,0.8383775726218622
id_07_00000450.wav,0.9625716225835765
id_07_00000451.wav,0.7838483944731351
id_07_00000452.wav,0.07736581972511469
id_07_00000453.wav,0.13146408467168502
id_07_00000454.wav,0.38746955930023386
id_07_00000455.wav,0.9139408358558104
id_07_00000456.wav,0.3900849043776504
id_07_00000457.wav,0.408987383762224
id_07_00000458.wav,0.5506360193328239
id_07_00000459.wav,0.5771273124585865
id_07_00000460.wav,0.7143178881921118
id_07_00000461.wav,0.4630114013808634
id_07_00000462.wav,0.6193286149987931
id_07_00000463.wav,0.8199823106626455
id_07_00000464.wav,0.5735224418422028
id_07_00000465.wav,0.4975443302811552
id_07_00000466.wav,0.6173197627076831
id_07_00000467.wav,0.24679025368028484
id_07_00000468.wav,0.8878912524173418
id_07_00000469.wav,0.29615634545757885
id_07_00000470.wav,0.13253112777996112
id_07_00000471.wav,0.7363592305638555
id_07_00000472.wav,0.6745182159624977
id_07_00000473.wav,0.8634943387044977
id_07_00000474.wav,0.952681842507407
id_07_00000475.wav,0.9131966312416718
id_07_00000476.wav,0.927908901080868
id_07_00000477.wav,0.7378857392610113
id_07_00000478.wav,0.6398747104694016
id_07_00000479.wav,0.385994874519877
id_07_00000480.wav,0.4807041603362311
id_07_00000481.wav,0.954647516647992
id_07_00000482.wav,0.01547957839239622
id_07_00000483.wav,0.5726735463646089
id_07_00000484.wav,0.8736781870706801
id_07_00000485.wav,0.17729552862797948
id_07_00000486.wav,0.8337808705041962
id_07_00000487.wav,0.49272316910579095
id_07_00000488.wav,0.5788869397657946
id_07_00000489.wav,0.31632563519793655
id_07_00000490.wav,0.29302770290844393
id_07_00000491.wav,0.26864593716808627
id_07_00000492.wav,0.1663958313338071
id_07_00000493.wav,0.5861975460758766
id_07_00000494.wav,0.7527798120203475
id_07_00000495.wav,0.5936507130629205
id_07_00000496.wav,0.16592009547058295
id_07_00000497.wav,0.19797218397176197
id_07_00000498.wav,0.24725146834943756
id_07_00000499.wav,0.4051661105717457
id_07_00000500.wav,0.18481200027293831
id_07_00000501.wav,0.00910501187615731
id_07_00000502.wav,0.3316732892070502
id_07_00000503.wav,0.715540515477845
id_07_00000504.wav,0.7462598755239774
id_07_00000505.wav,0.7500273770707171
id_07_00000506.wav,0.7639777680598072
id_07_00000507.wav,0.9937926006625056
id_07_00000508.wav,0.23498407822141865
id_07_00000509.wav,0.0919081107990285
id_07_00000510.wav,0.46189959898024613
id_07_00000511.wav,0.881039692544815
id_07_00000512.wav,0.522865574185041
id_07_00000513.wav,0.8672122769494447
id_07_00000514.wav,0.2402060460701405
